Comment,Designator,Footprint,JLCPCB Part #（optional）,
10uF,"C1, C2, ",Capacitor_SMD:C_0603_1608Metric,C385036,
100nF,"C3, ",Capacitor_SMD:C_0402_1005Metric,C2167110,
0.1uF,"C4, C5, ",Capacitor_SMD:C_0402_1005Metric,,
1N4148WS,"D1, D2, D3, ",Diode_SMD:D_SOD-323,C2975696,
Fuse,"F1, ",Fuse:Fuse_0805_2012Metric,C2649565,
MIC5225-3.3YM5-TR,"IC1, ",custom_Library:MIC5225-3.3YM5-TR,C512101,
MAX31865ATP+,"IC2, ",custom_Library:MAX31865ATP+,C118474,
ST1,"J2, ","TerminalBlock_Phoenix:TerminalBlock_Phoenix_MKDS-1,5-2-5.08_1x02_P5.08mm_Horizontal",C2997519,
ST2,"J3, ","TerminalBlock_Phoenix:TerminalBlock_Phoenix_MKDS-1,5-2-5.08_1x02_P5.08mm_Horizontal",C2997519,
400R,"R1, ",Resistor_SMD:R_0603_1608Metric,C153298,0805 size
10k,"R2, R3, R4, ",Resistor_SMD:R_0603_1608Metric,C491175,
