<?xml version="1.0" encoding="UTF-8"?>
<export version="E">
  <design>
    <source>/Users/sapelectronic/Downloads/Sisgeo/RTD/MAX31865(Version2)/MAX31865(Version2).kicad_sch</source>
    <date>2023 January 26, Thursday 14:51:26</date>
    <tool>Eeschema (6.0.5-0)</tool>
    <sheet number="1" name="/" tstamps="/">
      <title_block>
        <title>Max31865 RTD to SPI</title>
        <company/>
        <rev>Rev 1.0</rev>
        <date>2023-01-25</date>
        <source>MAX31865(Version2).kicad_sch</source>
        <comment number="1" value="Designed by Myet Thwe"/>
        <comment number="2" value=""/>
        <comment number="3" value=""/>
        <comment number="4" value=""/>
        <comment number="5" value=""/>
        <comment number="6" value=""/>
        <comment number="7" value=""/>
        <comment number="8" value=""/>
        <comment number="9" value=""/>
      </title_block>
    </sheet>
  </design>
  <components>
    <comp ref="C1">
      <value>10uF</value>
      <footprint>Capacitor_SMD:C_0603_1608Metric</footprint>
      <libsource lib="Device" part="C" description="Unpolarized capacitor"/>
      <property name="Sheetname" value=""/>
      <property name="Sheetfile" value="MAX31865(Version2).kicad_sch"/>
      <sheetpath names="/" tstamps="/"/>
      <tstamps>b9a2d383-6e94-45c5-b8ef-a49d3fbebbf8</tstamps>
    </comp>
    <comp ref="C2">
      <value>10uF</value>
      <footprint>Capacitor_SMD:C_0603_1608Metric</footprint>
      <libsource lib="Device" part="C" description="Unpolarized capacitor"/>
      <property name="Sheetname" value=""/>
      <property name="Sheetfile" value="MAX31865(Version2).kicad_sch"/>
      <sheetpath names="/" tstamps="/"/>
      <tstamps>53fa27b4-e1b8-4e99-984a-1b450454cdfe</tstamps>
    </comp>
    <comp ref="C3">
      <value>100nF</value>
      <footprint>Capacitor_SMD:C_0603_1608Metric</footprint>
      <libsource lib="Device" part="C" description="Unpolarized capacitor"/>
      <property name="Sheetname" value=""/>
      <property name="Sheetfile" value="MAX31865(Version2).kicad_sch"/>
      <sheetpath names="/" tstamps="/"/>
      <tstamps>7ec9c9a2-33fd-4453-84ee-a64f14989ad4</tstamps>
    </comp>
    <comp ref="C4">
      <value>0.1uF</value>
      <footprint>Capacitor_SMD:C_0402_1005Metric</footprint>
      <libsource lib="Device" part="C" description="Unpolarized capacitor"/>
      <property name="Sheetname" value=""/>
      <property name="Sheetfile" value="MAX31865(Version2).kicad_sch"/>
      <sheetpath names="/" tstamps="/"/>
      <tstamps>bed78992-fc53-49dd-a648-affb72dba12e</tstamps>
    </comp>
    <comp ref="C5">
      <value>0.1uF</value>
      <footprint>Capacitor_SMD:C_0402_1005Metric</footprint>
      <libsource lib="Device" part="C" description="Unpolarized capacitor"/>
      <property name="Sheetname" value=""/>
      <property name="Sheetfile" value="MAX31865(Version2).kicad_sch"/>
      <sheetpath names="/" tstamps="/"/>
      <tstamps>98012cb1-2e71-4b6e-b9e3-25dfc2eb383d</tstamps>
    </comp>
    <comp ref="D1">
      <value>1N4148WS</value>
      <footprint>Diode_SMD:D_SOD-323</footprint>
      <datasheet>https://www.vishay.com/docs/85751/1n4148ws.pdf</datasheet>
      <libsource lib="Diode" part="1N4148WS" description="75V 0.15A Fast switching Diode, SOD-323"/>
      <property name="Sheetname" value=""/>
      <property name="Sheetfile" value="MAX31865(Version2).kicad_sch"/>
      <sheetpath names="/" tstamps="/"/>
      <tstamps>0f52c5fd-6155-44fd-ae1c-24f6452305d7</tstamps>
    </comp>
    <comp ref="D2">
      <value>1N4148WS</value>
      <footprint>Diode_SMD:D_SOD-323</footprint>
      <datasheet>https://www.vishay.com/docs/85751/1n4148ws.pdf</datasheet>
      <libsource lib="Diode" part="1N4148WS" description="75V 0.15A Fast switching Diode, SOD-323"/>
      <property name="Sheetname" value=""/>
      <property name="Sheetfile" value="MAX31865(Version2).kicad_sch"/>
      <sheetpath names="/" tstamps="/"/>
      <tstamps>4b8a15b0-b402-49d1-8093-d0f26ef0051a</tstamps>
    </comp>
    <comp ref="D3">
      <value>1N4148WS</value>
      <footprint>Diode_SMD:D_SOD-323</footprint>
      <datasheet>https://www.vishay.com/docs/85751/1n4148ws.pdf</datasheet>
      <libsource lib="Diode" part="1N4148WS" description="75V 0.15A Fast switching Diode, SOD-323"/>
      <property name="Sheetname" value=""/>
      <property name="Sheetfile" value="MAX31865(Version2).kicad_sch"/>
      <sheetpath names="/" tstamps="/"/>
      <tstamps>436956a2-1cd3-40e6-86e3-be0a8e1643f1</tstamps>
    </comp>
    <comp ref="F1">
      <value>Fuse</value>
      <footprint>Fuse:Fuse_0805_2012Metric</footprint>
      <libsource lib="Device" part="Fuse_Small" description="Fuse, small symbol"/>
      <property name="Sheetname" value=""/>
      <property name="Sheetfile" value="MAX31865(Version2).kicad_sch"/>
      <sheetpath names="/" tstamps="/"/>
      <tstamps>d717696a-6128-4697-be75-9912613d6db3</tstamps>
    </comp>
    <comp ref="IC1">
      <value>MIC5225-3.3YM5-TR</value>
      <footprint>custom_Library:MIC5225-3.3YM5-TR</footprint>
      <fields>
        <field name="Description">MICROCHIP - MIC5225-3.3YM5-TR - LDO, REG, 16VIN, 0.15A, 3.3V, 2%, 5SOT23</field>
        <field name="Height">1.45</field>
        <field name="Manufacturer_Name">Microchip</field>
        <field name="Manufacturer_Part_Number">MIC5225-3.3YM5-TR</field>
        <field name="Mouser Part Number">998-MIC5225-3.3YM5TR</field>
        <field name="Mouser Price/Stock">https://www.mouser.co.uk/ProductDetail/Microchip-Technology-Atmel/MIC5225-3.3YM5-TR?qs=U6T8BxXiZAXmYJ5yRdN5%2Fg%3D%3D</field>
      </fields>
      <libsource lib="MIC5225-3.3YM5-TR" part="MIC5225-3.3YM5-TR" description=""/>
      <property name="Description" value="MICROCHIP - MIC5225-3.3YM5-TR - LDO, REG, 16VIN, 0.15A, 3.3V, 2%, 5SOT23"/>
      <property name="Height" value="1.45"/>
      <property name="Mouser Part Number" value="998-MIC5225-3.3YM5TR"/>
      <property name="Mouser Price/Stock" value="https://www.mouser.co.uk/ProductDetail/Microchip-Technology-Atmel/MIC5225-3.3YM5-TR?qs=U6T8BxXiZAXmYJ5yRdN5%2Fg%3D%3D"/>
      <property name="Manufacturer_Name" value="Microchip"/>
      <property name="Manufacturer_Part_Number" value="MIC5225-3.3YM5-TR"/>
      <property name="Sheetname" value=""/>
      <property name="Sheetfile" value="MAX31865(Version2).kicad_sch"/>
      <sheetpath names="/" tstamps="/"/>
      <tstamps>991c423c-1bc4-460f-ba52-f59428848bca</tstamps>
    </comp>
    <comp ref="IC2">
      <value>MAX31865ATP+</value>
      <footprint>custom_Library:MAX31865ATP+</footprint>
      <datasheet>https://datasheet.datasheetarchive.com/originals/distributors/Datasheets-DGA18/383674.pdf</datasheet>
      <fields>
        <field name="Description">RTD-to-Digital Converter SPI TQFN20 MAX31865ATP+, 15 bit RTD to Digital Converter 0.05% SPI 3  3.6 V 20-Pin TQFN-EP</field>
        <field name="Height">0.8</field>
        <field name="Manufacturer_Name">Analog Devices</field>
        <field name="Manufacturer_Part_Number">MAX31865ATP+</field>
        <field name="Mouser Part Number">700-MAX31865ATP+</field>
        <field name="Mouser Price/Stock">https://www.mouser.co.uk/ProductDetail/Maxim-Integrated/MAX31865ATP%2b?qs=mIV%2FTjyUFhk4bxPuxGz9eQ%3D%3D</field>
      </fields>
      <libsource lib="MAX31865ATP+" part="MAX31865ATP+" description=""/>
      <property name="Description" value="RTD-to-Digital Converter SPI TQFN20 MAX31865ATP+, 15 bit RTD to Digital Converter 0.05% SPI 3  3.6 V 20-Pin TQFN-EP"/>
      <property name="Height" value="0.8"/>
      <property name="Mouser Part Number" value="700-MAX31865ATP+"/>
      <property name="Mouser Price/Stock" value="https://www.mouser.co.uk/ProductDetail/Maxim-Integrated/MAX31865ATP%2b?qs=mIV%2FTjyUFhk4bxPuxGz9eQ%3D%3D"/>
      <property name="Manufacturer_Name" value="Analog Devices"/>
      <property name="Manufacturer_Part_Number" value="MAX31865ATP+"/>
      <property name="Sheetname" value=""/>
      <property name="Sheetfile" value="MAX31865(Version2).kicad_sch"/>
      <sheetpath names="/" tstamps="/"/>
      <tstamps>e651de0d-2040-44bb-8bbf-e6de95ffa09b</tstamps>
    </comp>
    <comp ref="J1">
      <value>Conn_01x08</value>
      <footprint>Connector_PinHeader_2.54mm:PinHeader_1x08_P2.54mm_Vertical</footprint>
      <libsource lib="Connector_Generic" part="Conn_01x08" description="Generic connector, single row, 01x08, script generated (kicad-library-utils/schlib/autogen/connector/)"/>
      <property name="Sheetname" value=""/>
      <property name="Sheetfile" value="MAX31865(Version2).kicad_sch"/>
      <sheetpath names="/" tstamps="/"/>
      <tstamps>2cefef29-5c43-4bab-ae85-daf451d0737c</tstamps>
    </comp>
    <comp ref="J2">
      <value>ST1</value>
      <footprint>TerminalBlock_Phoenix:TerminalBlock_Phoenix_MKDS-1,5-2-5.08_1x02_P5.08mm_Horizontal</footprint>
      <libsource lib="Connector" part="Screw_Terminal_01x02" description="Generic screw terminal, single row, 01x02, script generated (kicad-library-utils/schlib/autogen/connector/)"/>
      <property name="Sheetname" value=""/>
      <property name="Sheetfile" value="MAX31865(Version2).kicad_sch"/>
      <sheetpath names="/" tstamps="/"/>
      <tstamps>33b41dec-2730-4d59-861f-afa9faa53c79</tstamps>
    </comp>
    <comp ref="J3">
      <value>ST2</value>
      <footprint>TerminalBlock_Phoenix:TerminalBlock_Phoenix_MKDS-1,5-2-5.08_1x02_P5.08mm_Horizontal</footprint>
      <libsource lib="Connector" part="Screw_Terminal_01x02" description="Generic screw terminal, single row, 01x02, script generated (kicad-library-utils/schlib/autogen/connector/)"/>
      <property name="Sheetname" value=""/>
      <property name="Sheetfile" value="MAX31865(Version2).kicad_sch"/>
      <sheetpath names="/" tstamps="/"/>
      <tstamps>592f3fe6-4cc9-4bee-acc8-b864f607dca7</tstamps>
    </comp>
    <comp ref="JP1">
      <value>SJ3</value>
      <footprint>Connector_PinHeader_2.54mm:PinHeader_1x02_P2.54mm_Vertical</footprint>
      <libsource lib="Jumper" part="SolderJumper_2_Open" description="Solder Jumper, 2-pole, open"/>
      <property name="Sheetname" value=""/>
      <property name="Sheetfile" value="MAX31865(Version2).kicad_sch"/>
      <sheetpath names="/" tstamps="/"/>
      <tstamps>87bdbf0f-576d-464b-a0e5-5f8c091b51e5</tstamps>
    </comp>
    <comp ref="JP2">
      <value>SJ1</value>
      <footprint>Connector_PinHeader_2.54mm:PinHeader_1x03_P2.54mm_Vertical</footprint>
      <libsource lib="Jumper" part="SolderJumper_3_Open" description="Solder Jumper, 3-pole, open"/>
      <property name="Sheetname" value=""/>
      <property name="Sheetfile" value="MAX31865(Version2).kicad_sch"/>
      <sheetpath names="/" tstamps="/"/>
      <tstamps>a038cc5f-2bd9-46b0-aaf3-19949d63f6ba</tstamps>
    </comp>
    <comp ref="JP3">
      <value>SJ4</value>
      <footprint>Connector_PinHeader_2.54mm:PinHeader_1x02_P2.54mm_Vertical</footprint>
      <libsource lib="Jumper" part="SolderJumper_2_Open" description="Solder Jumper, 2-pole, open"/>
      <property name="Sheetname" value=""/>
      <property name="Sheetfile" value="MAX31865(Version2).kicad_sch"/>
      <sheetpath names="/" tstamps="/"/>
      <tstamps>270a9055-2571-470e-88e5-78808c93ba47</tstamps>
    </comp>
    <comp ref="R1">
      <value>400R</value>
      <footprint>Resistor_SMD:R_1206_3216Metric</footprint>
      <libsource lib="Device" part="R" description="Resistor"/>
      <property name="Sheetname" value=""/>
      <property name="Sheetfile" value="MAX31865(Version2).kicad_sch"/>
      <sheetpath names="/" tstamps="/"/>
      <tstamps>333fa40e-b858-44bc-9423-046ce5d49017</tstamps>
    </comp>
    <comp ref="R2">
      <value>10k</value>
      <footprint>Resistor_SMD:R_0603_1608Metric</footprint>
      <libsource lib="Device" part="R" description="Resistor"/>
      <property name="Sheetname" value=""/>
      <property name="Sheetfile" value="MAX31865(Version2).kicad_sch"/>
      <sheetpath names="/" tstamps="/"/>
      <tstamps>8419225b-0b99-4ab7-bbfc-dc71f2e5780b</tstamps>
    </comp>
    <comp ref="R3">
      <value>10k</value>
      <footprint>Resistor_SMD:R_0603_1608Metric</footprint>
      <libsource lib="Device" part="R" description="Resistor"/>
      <property name="Sheetname" value=""/>
      <property name="Sheetfile" value="MAX31865(Version2).kicad_sch"/>
      <sheetpath names="/" tstamps="/"/>
      <tstamps>0da70f8c-d1b7-4d97-896b-54b11d0aab84</tstamps>
    </comp>
    <comp ref="R4">
      <value>10k</value>
      <footprint>Resistor_SMD:R_0603_1608Metric</footprint>
      <libsource lib="Device" part="R" description="Resistor"/>
      <property name="Sheetname" value=""/>
      <property name="Sheetfile" value="MAX31865(Version2).kicad_sch"/>
      <sheetpath names="/" tstamps="/"/>
      <tstamps>4a0fa789-ba4b-4afe-a5b6-da85d07dc83e</tstamps>
    </comp>
  </components>
  <libparts>
    <libpart lib="Connector" part="Screw_Terminal_01x02">
      <description>Generic screw terminal, single row, 01x02, script generated (kicad-library-utils/schlib/autogen/connector/)</description>
      <docs>~</docs>
      <footprints>
        <fp>TerminalBlock*:*</fp>
      </footprints>
      <fields>
        <field name="Reference">J</field>
        <field name="Value">Screw_Terminal_01x02</field>
        <field name="Datasheet">~</field>
      </fields>
      <pins>
        <pin num="1" name="Pin_1" type="passive"/>
        <pin num="2" name="Pin_2" type="passive"/>
      </pins>
    </libpart>
    <libpart lib="Connector_Generic" part="Conn_01x08">
      <description>Generic connector, single row, 01x08, script generated (kicad-library-utils/schlib/autogen/connector/)</description>
      <docs>~</docs>
      <footprints>
        <fp>Connector*:*_1x??_*</fp>
      </footprints>
      <fields>
        <field name="Reference">J</field>
        <field name="Value">Conn_01x08</field>
        <field name="Datasheet">~</field>
      </fields>
      <pins>
        <pin num="1" name="Pin_1" type="passive"/>
        <pin num="2" name="Pin_2" type="passive"/>
        <pin num="3" name="Pin_3" type="passive"/>
        <pin num="4" name="Pin_4" type="passive"/>
        <pin num="5" name="Pin_5" type="passive"/>
        <pin num="6" name="Pin_6" type="passive"/>
        <pin num="7" name="Pin_7" type="passive"/>
        <pin num="8" name="Pin_8" type="passive"/>
      </pins>
    </libpart>
    <libpart lib="Device" part="C">
      <description>Unpolarized capacitor</description>
      <docs>~</docs>
      <footprints>
        <fp>C_*</fp>
      </footprints>
      <fields>
        <field name="Reference">C</field>
        <field name="Value">C</field>
        <field name="Datasheet">~</field>
      </fields>
      <pins>
        <pin num="1" name="" type="passive"/>
        <pin num="2" name="" type="passive"/>
      </pins>
    </libpart>
    <libpart lib="Device" part="Fuse_Small">
      <description>Fuse, small symbol</description>
      <docs>~</docs>
      <footprints>
        <fp>SM*</fp>
      </footprints>
      <fields>
        <field name="Reference">F</field>
        <field name="Value">Fuse_Small</field>
        <field name="Datasheet">~</field>
      </fields>
      <pins>
        <pin num="1" name="" type="passive"/>
        <pin num="2" name="" type="passive"/>
      </pins>
    </libpart>
    <libpart lib="Device" part="R">
      <description>Resistor</description>
      <docs>~</docs>
      <footprints>
        <fp>R_*</fp>
      </footprints>
      <fields>
        <field name="Reference">R</field>
        <field name="Value">R</field>
        <field name="Datasheet">~</field>
      </fields>
      <pins>
        <pin num="1" name="" type="passive"/>
        <pin num="2" name="" type="passive"/>
      </pins>
    </libpart>
    <libpart lib="Diode" part="1N4148WS">
      <description>75V 0.15A Fast switching Diode, SOD-323</description>
      <docs>https://www.vishay.com/docs/85751/1n4148ws.pdf</docs>
      <footprints>
        <fp>D*SOD?323*</fp>
      </footprints>
      <fields>
        <field name="Reference">D</field>
        <field name="Value">1N4148WS</field>
        <field name="Footprint">Diode_SMD:D_SOD-323</field>
        <field name="Datasheet">https://www.vishay.com/docs/85751/1n4148ws.pdf</field>
      </fields>
      <pins>
        <pin num="1" name="K" type="passive"/>
        <pin num="2" name="A" type="passive"/>
      </pins>
    </libpart>
    <libpart lib="Jumper" part="SolderJumper_2_Open">
      <description>Solder Jumper, 2-pole, open</description>
      <docs>~</docs>
      <footprints>
        <fp>SolderJumper*Open*</fp>
      </footprints>
      <fields>
        <field name="Reference">JP</field>
        <field name="Value">SolderJumper_2_Open</field>
        <field name="Datasheet">~</field>
      </fields>
      <pins>
        <pin num="1" name="A" type="passive"/>
        <pin num="2" name="B" type="passive"/>
      </pins>
    </libpart>
    <libpart lib="Jumper" part="SolderJumper_3_Open">
      <description>Solder Jumper, 3-pole, open</description>
      <docs>~</docs>
      <footprints>
        <fp>SolderJumper*Open*</fp>
      </footprints>
      <fields>
        <field name="Reference">JP</field>
        <field name="Value">SolderJumper_3_Open</field>
        <field name="Datasheet">~</field>
      </fields>
      <pins>
        <pin num="1" name="A" type="passive"/>
        <pin num="2" name="C" type="passive"/>
        <pin num="3" name="B" type="passive"/>
      </pins>
    </libpart>
    <libpart lib="MAX31865ATP+" part="MAX31865ATP+">
      <docs>https://datasheet.datasheetarchive.com/originals/distributors/Datasheets-DGA18/383674.pdf</docs>
      <fields>
        <field name="Reference">IC</field>
        <field name="Value">MAX31865ATP+</field>
        <field name="Footprint">QFN65P500X500X80-21N</field>
        <field name="Datasheet">https://datasheet.datasheetarchive.com/originals/distributors/Datasheets-DGA18/383674.pdf</field>
        <field name="Description">RTD-to-Digital Converter SPI TQFN20 MAX31865ATP+, 15 bit RTD to Digital Converter 0.05% SPI 3  3.6 V 20-Pin TQFN-EP</field>
        <field name="Height">0.8</field>
        <field name="Mouser Part Number">700-MAX31865ATP+</field>
        <field name="Mouser Price/Stock">https://www.mouser.co.uk/ProductDetail/Maxim-Integrated/MAX31865ATP%2b?qs=mIV%2FTjyUFhk4bxPuxGz9eQ%3D%3D</field>
        <field name="Manufacturer_Name">Analog Devices</field>
        <field name="Manufacturer_Part_Number">MAX31865ATP+</field>
      </fields>
      <pins>
        <pin num="1" name="BIAS" type="passive"/>
        <pin num="2" name="REFIN+" type="input"/>
        <pin num="3" name="REFIN-" type="input"/>
        <pin num="4" name="ISENSOR" type="passive"/>
        <pin num="5" name="FORCE+" type="passive"/>
        <pin num="6" name="FORCE2" type="passive"/>
        <pin num="7" name="RTDIN+" type="input"/>
        <pin num="8" name="RTDIN-" type="input"/>
        <pin num="9" name="FORCE-" type="passive"/>
        <pin num="10" name="GND2" type="power_in"/>
        <pin num="11" name="SDI" type="passive"/>
        <pin num="12" name="SCLK" type="input"/>
        <pin num="13" name="~{CS}" type="input"/>
        <pin num="14" name="SDO" type="passive"/>
        <pin num="15" name="DGND" type="power_in"/>
        <pin num="16" name="GND1" type="power_in"/>
        <pin num="17" name="NC" type="no_connect"/>
        <pin num="18" name="~{DRDY}" type="passive"/>
        <pin num="19" name="DVDD" type="power_in"/>
        <pin num="20" name="VDD" type="power_in"/>
        <pin num="21" name="EP" type="passive"/>
      </pins>
    </libpart>
    <libpart lib="MIC5225-3.3YM5-TR" part="MIC5225-3.3YM5-TR">
      <fields>
        <field name="Reference">IC</field>
        <field name="Value">MIC5225-3.3YM5-TR</field>
        <field name="Footprint">SOT95P280X145-5N</field>
        <field name="Description">MICROCHIP - MIC5225-3.3YM5-TR - LDO, REG, 16VIN, 0.15A, 3.3V, 2%, 5SOT23</field>
        <field name="Height">1.45</field>
        <field name="Mouser Part Number">998-MIC5225-3.3YM5TR</field>
        <field name="Mouser Price/Stock">https://www.mouser.co.uk/ProductDetail/Microchip-Technology-Atmel/MIC5225-3.3YM5-TR?qs=U6T8BxXiZAXmYJ5yRdN5%2Fg%3D%3D</field>
        <field name="Manufacturer_Name">Microchip</field>
        <field name="Manufacturer_Part_Number">MIC5225-3.3YM5-TR</field>
      </fields>
      <pins>
        <pin num="1" name="IN" type="passive"/>
        <pin num="2" name="GND" type="passive"/>
        <pin num="3" name="EN" type="passive"/>
        <pin num="4" name="NC" type="no_connect"/>
        <pin num="5" name="OUT" type="passive"/>
      </pins>
    </libpart>
  </libparts>
  <libraries>
    <library logical="Connector">
      <uri>/Applications/KiCad/KiCad.app/Contents/SharedSupport/symbols//Connector.kicad_sym</uri>
    </library>
    <library logical="Connector_Generic">
      <uri>/Applications/KiCad/KiCad.app/Contents/SharedSupport/symbols//Connector_Generic.kicad_sym</uri>
    </library>
    <library logical="Device">
      <uri>/Applications/KiCad/KiCad.app/Contents/SharedSupport/symbols//Device.kicad_sym</uri>
    </library>
    <library logical="Diode">
      <uri>/Applications/KiCad/KiCad.app/Contents/SharedSupport/symbols//Diode.kicad_sym</uri>
    </library>
    <library logical="Jumper">
      <uri>/Applications/KiCad/KiCad.app/Contents/SharedSupport/symbols//Jumper.kicad_sym</uri>
    </library>
    <library logical="MAX31865ATP+">
      <uri>/Users/sapelectronic/Documents/KiCad/6.0/symbols/MAX31865ATP+.kicad_sym</uri>
    </library>
    <library logical="MIC5225-3.3YM5-TR">
      <uri>/Users/sapelectronic/Documents/KiCad/6.0/symbols/MIC5225-3.3YM5-TR.kicad_sym</uri>
    </library>
  </libraries>
  <nets>
    <net code="1" name="GND">
      <node ref="C1" pin="1" pintype="passive"/>
      <node ref="C2" pin="2" pintype="passive"/>
      <node ref="C4" pin="1" pintype="passive"/>
      <node ref="C5" pin="2" pintype="passive"/>
      <node ref="IC1" pin="3" pinfunction="EN" pintype="passive"/>
      <node ref="IC2" pin="10" pinfunction="GND2" pintype="power_in"/>
      <node ref="IC2" pin="15" pinfunction="DGND" pintype="power_in"/>
      <node ref="IC2" pin="16" pinfunction="GND1" pintype="power_in"/>
      <node ref="IC2" pin="21" pinfunction="EP" pintype="passive"/>
      <node ref="J1" pin="2" pinfunction="Pin_2" pintype="passive"/>
      <node ref="JP2" pin="1" pinfunction="A" pintype="passive"/>
    </net>
    <net code="2" name="Net-(C3-Pad1)">
      <node ref="C3" pin="1" pintype="passive"/>
      <node ref="IC2" pin="8" pinfunction="RTDIN-" pintype="input"/>
      <node ref="J3" pin="2" pinfunction="Pin_2" pintype="passive"/>
      <node ref="JP3" pin="2" pinfunction="B" pintype="passive"/>
    </net>
    <net code="3" name="Net-(C3-Pad2)">
      <node ref="C3" pin="2" pintype="passive"/>
      <node ref="IC2" pin="7" pinfunction="RTDIN+" pintype="input"/>
      <node ref="J2" pin="1" pinfunction="Pin_1" pintype="passive"/>
      <node ref="JP1" pin="1" pinfunction="A" pintype="passive"/>
    </net>
    <net code="4" name="Net-(C4-Pad2)">
      <node ref="C4" pin="2" pintype="passive"/>
      <node ref="F1" pin="1" pintype="passive"/>
      <node ref="IC2" pin="20" pinfunction="VDD" pintype="power_in"/>
    </net>
    <net code="5" name="Net-(D1-Pad2)">
      <node ref="D1" pin="2" pinfunction="A" pintype="passive"/>
      <node ref="IC2" pin="13" pinfunction="~{CS}" pintype="input"/>
      <node ref="R2" pin="2" pintype="passive"/>
    </net>
    <net code="6" name="Net-(D2-Pad2)">
      <node ref="D2" pin="2" pinfunction="A" pintype="passive"/>
      <node ref="IC2" pin="12" pinfunction="SCLK" pintype="input"/>
      <node ref="R3" pin="2" pintype="passive"/>
    </net>
    <net code="7" name="Net-(D3-Pad2)">
      <node ref="D3" pin="2" pinfunction="A" pintype="passive"/>
      <node ref="IC2" pin="11" pinfunction="SDI" pintype="passive"/>
      <node ref="R4" pin="2" pintype="passive"/>
    </net>
    <net code="8" name="Net-(IC2-Pad1)">
      <node ref="IC2" pin="1" pinfunction="BIAS" pintype="passive"/>
      <node ref="IC2" pin="2" pinfunction="REFIN+" pintype="input"/>
      <node ref="R1" pin="1" pintype="passive"/>
    </net>
    <net code="9" name="Net-(IC2-Pad3)">
      <node ref="IC2" pin="3" pinfunction="REFIN-" pintype="input"/>
      <node ref="IC2" pin="4" pinfunction="ISENSOR" pintype="passive"/>
      <node ref="R1" pin="2" pintype="passive"/>
    </net>
    <net code="10" name="Net-(IC2-Pad5)">
      <node ref="IC2" pin="5" pinfunction="FORCE+" pintype="passive"/>
      <node ref="J2" pin="2" pinfunction="Pin_2" pintype="passive"/>
      <node ref="JP1" pin="2" pinfunction="B" pintype="passive"/>
      <node ref="JP2" pin="3" pinfunction="B" pintype="passive"/>
    </net>
    <net code="11" name="Net-(IC2-Pad6)">
      <node ref="IC2" pin="6" pinfunction="FORCE2" pintype="passive"/>
      <node ref="JP2" pin="2" pinfunction="C" pintype="passive"/>
    </net>
    <net code="12" name="Net-(IC2-Pad9)">
      <node ref="IC2" pin="9" pinfunction="FORCE-" pintype="passive"/>
      <node ref="J3" pin="1" pinfunction="Pin_1" pintype="passive"/>
      <node ref="JP3" pin="1" pinfunction="A" pintype="passive"/>
    </net>
    <net code="13" name="SCLK">
      <node ref="D2" pin="1" pinfunction="K" pintype="passive"/>
      <node ref="J1" pin="4" pinfunction="Pin_4" pintype="passive"/>
    </net>
    <net code="14" name="SDI">
      <node ref="D3" pin="1" pinfunction="K" pintype="passive"/>
      <node ref="J1" pin="6" pinfunction="Pin_6" pintype="passive"/>
    </net>
    <net code="15" name="SDO">
      <node ref="IC2" pin="14" pinfunction="SDO" pintype="passive"/>
      <node ref="J1" pin="5" pinfunction="Pin_5" pintype="passive"/>
    </net>
    <net code="16" name="VCC">
      <node ref="C1" pin="2" pintype="passive"/>
      <node ref="IC1" pin="1" pinfunction="IN" pintype="passive"/>
      <node ref="IC1" pin="2" pinfunction="GND" pintype="passive"/>
      <node ref="J1" pin="1" pinfunction="Pin_1" pintype="passive"/>
    </net>
    <net code="17" name="VDD">
      <node ref="C2" pin="1" pintype="passive"/>
      <node ref="C5" pin="1" pintype="passive"/>
      <node ref="F1" pin="2" pintype="passive"/>
      <node ref="IC1" pin="5" pinfunction="OUT" pintype="passive"/>
      <node ref="IC2" pin="19" pinfunction="DVDD" pintype="power_in"/>
      <node ref="J1" pin="3" pinfunction="Pin_3" pintype="passive"/>
      <node ref="R2" pin="1" pintype="passive"/>
      <node ref="R3" pin="1" pintype="passive"/>
      <node ref="R4" pin="1" pintype="passive"/>
    </net>
    <net code="18" name="unconnected-(IC1-Pad4)">
      <node ref="IC1" pin="4" pinfunction="NC" pintype="no_connect"/>
    </net>
    <net code="19" name="unconnected-(IC2-Pad17)">
      <node ref="IC2" pin="17" pinfunction="NC" pintype="no_connect"/>
    </net>
    <net code="20" name="~{CS}">
      <node ref="D1" pin="1" pinfunction="K" pintype="passive"/>
      <node ref="J1" pin="7" pinfunction="Pin_7" pintype="passive"/>
    </net>
    <net code="21" name="~{DRDY}">
      <node ref="IC2" pin="18" pinfunction="~{DRDY}" pintype="passive"/>
      <node ref="J1" pin="8" pinfunction="Pin_8" pintype="passive"/>
    </net>
  </nets>
</export>
